NAME,SOURCE,LEVEL_1,LEVEL_2,LEVEL_3,LEVEL_4,LAT,LON,NOTES
FS15R_FS4281,icraf-isric-soil-database,pervious,bare,soil,measured,-32.85,137.5333333,none
FS15R_FS4297,icraf-isric-soil-database,pervious,bare,soil,measured,-35.35,144.85,none
FS15R_FS4308,icraf-isric-soil-database,pervious,bare,soil,measured,-29.01666667,152.0333333,none
FS15R_FS4309,icraf-isric-soil-database,pervious,bare,soil,measured,-29.01666667,152.0333333,none
FS15R_FS4361,icraf-isric-soil-database,pervious,bare,soil,measured,-27.36666667,152.8833333,none
FS15R_FS4393,icraf-isric-soil-database,pervious,bare,soil,measured,-24.85,152.4,none
FS15R_FS4397,icraf-isric-soil-database,pervious,bare,soil,measured,-34.7,139.0666667,none
FS15R_FS4144,icraf-isric-soil-database,pervious,bare,soil,measured,-2.6,-54.95,none
FS15R_FS4152,icraf-isric-soil-database,pervious,bare,soil,measured,-2.9,-54.93333333,none
FS15R_FS4177,icraf-isric-soil-database,pervious,bare,soil,measured,-7.733333333,-35.25,none
FS15R_FS4180,icraf-isric-soil-database,pervious,bare,soil,measured,-7.733333333,-35.25,none
FS15R_FS4205,icraf-isric-soil-database,pervious,bare,soil,measured,-6.666666667,-35.13333333,none
FS15R_FS4218,icraf-isric-soil-database,pervious,bare,soil,measured,-8.35,-35.01666667,none
FS15R_FS4221,icraf-isric-soil-database,pervious,bare,soil,measured,-8.35,-35.01666667,none
FS15R_FS4261,icraf-isric-soil-database,pervious,bare,soil,measured,-12,-50,none
FS15R_FS5730,icraf-isric-soil-database,pervious,bare,soil,measured,5.883333333,-7.333333333,none
FS15R_FS5731,icraf-isric-soil-database,pervious,bare,soil,measured,5.883333333,-7.333333333,none
FS15R_FS5088,icraf-isric-soil-database,pervious,bare,soil,measured,23.21666667,113.4666667,none
FS15R_FS5094,icraf-isric-soil-database,pervious,bare,soil,measured,23.13333333,112.5833333,none
FS21_FS1115,icraf-isric-soil-database,pervious,bare,soil,measured,3.833333333,103.3166667,none
FS21_FS1122,icraf-isric-soil-database,pervious,bare,soil,measured,3.833333333,103.3166667,none
FS21_FS1145,icraf-isric-soil-database,pervious,bare,soil,measured,1.75,109.8,none
FS21_FS1146,icraf-isric-soil-database,pervious,bare,soil,measured,1.75,109.8,none
FS15R_FS5176,icraf-isric-soil-database,pervious,bare,soil,measured,28.21666667,116.9166667,none
FS15R_FS5230,icraf-isric-soil-database,pervious,bare,soil,measured,23.65,113.6583333,none
FS15R_FS5286,icraf-isric-soil-database,pervious,bare,soil,measured,21.91666667,101.2333333,none
FS15R_FS5303,icraf-isric-soil-database,pervious,bare,soil,measured,26.38333333,106.4333333,none
FS15R_FS4948,icraf-isric-soil-database,pervious,bare,soil,measured,4.1,-72.8,none
FS15R_FS4989,icraf-isric-soil-database,pervious,bare,soil,measured,0.45,-72.21666667,none
FS15R_FS4996,icraf-isric-soil-database,pervious,bare,soil,measured,1.333333333,-77.33333333,none
FS15R_FS5013,icraf-isric-soil-database,pervious,bare,soil,measured,2.5,-72.63333333,none
FS15R_FS5015,icraf-isric-soil-database,pervious,bare,soil,measured,2.5,-72.63333333,none
FS15R_FS5575,icraf-isric-soil-database,pervious,bare,soil,measured,22.73333333,-82.16666667,none
FS15R_FS5649,icraf-isric-soil-database,pervious,bare,soil,measured,21.16666667,-76.58333333,none
FS15R_FS5662,icraf-isric-soil-database,pervious,bare,soil,measured,20.2,-75.2,none
FS15R_FS4759,icraf-isric-soil-database,pervious,bare,soil,measured,0,0,none
FS15R_FS4768,icraf-isric-soil-database,pervious,bare,soil,measured,50.47916667,6.383055556,none
FS15R_FS4521,icraf-isric-soil-database,pervious,bare,soil,measured,0.3375,-78.5625,none
FS15R_FS4524,icraf-isric-soil-database,pervious,bare,soil,measured,0.3375,-78.5625,none
FS15R_FS5486,icraf-isric-soil-database,pervious,bare,soil,measured,38.85,-6.266666667,none
FS15R_FS5488,icraf-isric-soil-database,pervious,bare,soil,measured,38.85,-6.266666667,none
FS15R_FS5520,icraf-isric-soil-database,pervious,bare,soil,measured,39.98333333,-3.6,none
FS15R_FS5552,icraf-isric-soil-database,pervious,bare,soil,measured,38.8,-6.433333333,none
FS15R_FS4906,icraf-isric-soil-database,pervious,bare,soil,measured,0,0,none
FS15R_FS5346,icraf-isric-soil-database,pervious,bare,soil,measured,40.58333333,22.5,none
FS21_FS9742,icraf-isric-soil-database,pervious,bare,soil,measured,-4.75,104.9833333,none
FS21_FS1254,icraf-isric-soil-database,pervious,bare,soil,measured,2.566666667,98.61666667,none
FS21_FS814,icraf-isric-soil-database,pervious,bare,soil,measured,-1.733333333,102.1666667,none
FS21_FS9761,icraf-isric-soil-database,pervious,bare,soil,measured,-3.516666667,128.0036111,none
FS21_FS1275,icraf-isric-soil-database,pervious,bare,soil,measured,0.9933333333,116.9566667,none
FS21_FS1023,icraf-isric-soil-database,pervious,bare,soil,measured,52.41666667,-6.416666667,none
FS21_FS972,icraf-isric-soil-database,pervious,bare,soil,measured,21.5,79.08333333,none
FS21_FS845,icraf-isric-soil-database,pervious,bare,soil,measured,39.66388889,16.21666667,none
FS21_FS850,icraf-isric-soil-database,pervious,bare,soil,measured,39.66388889,16.21666667,none
FS21_FS922,icraf-isric-soil-database,pervious,bare,soil,measured,41.25861111,13.45944444,none
FS21_FS930,icraf-isric-soil-database,pervious,bare,soil,measured,41.45555556,13.62527778,none
FS21_FS1071,icraf-isric-soil-database,pervious,bare,soil,measured,18.36944444,-77.99166667,none
FS21_FS1075,icraf-isric-soil-database,pervious,bare,soil,measured,18.04472222,-77.91861111,none
FS21_FS1076,icraf-isric-soil-database,pervious,bare,soil,measured,18.04472222,-77.91861111,none
FS21_FS1078,icraf-isric-soil-database,pervious,bare,soil,measured,18.04472222,-77.91861111,none
FS21_FS9575,icraf-isric-soil-database,pervious,bare,soil,measured,36.25583333,139.9038889,none
FS21_FS1425,icraf-isric-soil-database,pervious,bare,soil,measured,0,0,none
FS21_FS1328,icraf-isric-soil-database,pervious,bare,soil,measured,-3.55,39.55,none
FS21_FS1460,icraf-isric-soil-database,pervious,bare,soil,measured,0.7055555556,34.57777778,none
FS21_FS1515,icraf-isric-soil-database,pervious,bare,soil,measured,0.1722222222,37.46111111,none
FS21_FS1231,icraf-isric-soil-database,pervious,bare,soil,measured,15.38333333,-5.416666667,none
FS21_FS1249,icraf-isric-soil-database,pervious,bare,soil,measured,16.5,-4.183333333,none
FS21_FS1174,icraf-isric-soil-database,pervious,bare,soil,measured,1.458333333,110.2833333,none
FS21_FS9784,icraf-isric-soil-database,pervious,bare,soil,measured,-13.13333333,35.26666667,none
FS21_FS524,icraf-isric-soil-database,pervious,bare,soil,measured,7.483333333,4.5,none
FS21_FS528,icraf-isric-soil-database,pervious,bare,soil,measured,7.483333333,4.5,none
FS21_FS726,icraf-isric-soil-database,pervious,bare,soil,measured,7.583333333,4.933333333,none
FS21_FS538,icraf-isric-soil-database,pervious,bare,soil,measured,6.783333333,4.866666667,none
FS21_FS541,icraf-isric-soil-database,pervious,bare,soil,measured,6.783333333,4.866666667,none
FS21_FS547,icraf-isric-soil-database,pervious,bare,soil,measured,6.783333333,4.866666667,none
FS21_FS549,icraf-isric-soil-database,pervious,bare,soil,measured,6.783333333,4.866666667,none
FS21_FS671,icraf-isric-soil-database,pervious,bare,soil,measured,11.43333333,-86.1,none
FS21_FS672,icraf-isric-soil-database,pervious,bare,soil,measured,11.43333333,-86.1,none
FS21_FS9663,icraf-isric-soil-database,pervious,bare,soil,measured,52.01666667,5.966666667,none
FS21_FS9671,icraf-isric-soil-database,pervious,bare,soil,measured,52.01666667,5.966666667,none
FS21_FS9708,icraf-isric-soil-database,pervious,bare,soil,measured,51.56972222,5.576111111,none
FS21_FS372,icraf-isric-soil-database,pervious,bare,soil,measured,-3.820277778,-73.3175,none
FS21_FS406,icraf-isric-soil-database,pervious,bare,soil,measured,-5.766666667,-76.08333333,none
FS21_FS125,icraf-isric-soil-database,pervious,bare,soil,measured,-3.910833333,-73.37194444,none
FS21_FS126,icraf-isric-soil-database,pervious,bare,soil,measured,-3.910833333,-73.37194444,none
FS21_FS132,icraf-isric-soil-database,pervious,bare,soil,measured,-3.910833333,-73.37194444,none
FS21_FS179,icraf-isric-soil-database,pervious,bare,soil,measured,-16.43333333,-71.6,none
FS21_FS614,icraf-isric-soil-database,pervious,bare,soil,measured,51.31666667,22.2,none
FS21_FS580,icraf-isric-soil-database,pervious,bare,soil,measured,51.48333333,21.91666667,none
FS21_FS1712,icraf-isric-soil-database,pervious,bare,soil,measured,55.81666667,14.06666667,none
FS21_FS1654,icraf-isric-soil-database,pervious,bare,soil,measured,,,none
FS21_FS1667,icraf-isric-soil-database,pervious,bare,soil,measured,58.94944444,15.04111111,none
FS21_FS1800,icraf-isric-soil-database,pervious,bare,soil,measured,16.51666667,102.8333333,none
FS21_FS1923,icraf-isric-soil-database,pervious,bare,soil,measured,,,none
FS21_FS2029,icraf-isric-soil-database,pervious,bare,soil,measured,29.70833333,-82.25694444,none
FS21_FS2033,icraf-isric-soil-database,pervious,bare,soil,measured,29.70833333,-82.25694444,none
FS21_FS2035,icraf-isric-soil-database,pervious,bare,soil,measured,29.70833333,-82.25694444,none
FS21_FS2036,icraf-isric-soil-database,pervious,bare,soil,measured,29.70833333,-82.25694444,none
FS21_FS242,icraf-isric-soil-database,pervious,bare,soil,measured,-32.16666667,-55.01666667,none
FS21_FS9972,icraf-isric-soil-database,pervious,bare,soil,measured,,,none
FS21_FS9989,icraf-isric-soil-database,pervious,bare,soil,measured,-15.22916667,23.26666667,none
FS21_FS9992,icraf-isric-soil-database,pervious,bare,soil,measured,-15.22916667,23.26666667,none
muakye.001-,asd,pervious,bare,gravel,measured,34.4408,-119.8745,urban reflectance spectra from santa barbara
ash,asd,pervious,burn,char,measured,,,joint fire science program
charduff,asd,pervious,burn,char,measured,,,joint fire science program
chartree,asd,pervious,burn,char,measured,,,joint fire science program
burncham,asd,pervious,burn,char,measured,,,joint fire science program
charbark,asd,pervious,burn,char,measured,,,joint fire science program
charlogs,asd,pervious,burn,char,measured,,,joint fire science program
charrock,asd,pervious,burn,char,measured,,,joint fire science program
charsoil,asd,pervious,burn,char,measured,,,joint fire science program
graysoil,asd,pervious,burn,char,measured,,,joint fire science program
ash_litter,asd,pervious,burn,char,measured,,,joint fire science program
ash,asd,pervious,burn,char,measured,,,joint fire science program
barkchar,asd,pervious,burn,char,measured,,,joint fire science program
black_charwood,asd,pervious,burn,char,measured,,,joint fire science program
charbark,asd,pervious,burn,char,measured,,,joint fire science program
charrock,asd,pervious,burn,char,measured,,,joint fire science program
charsoil,asd,pervious,burn,char,measured,,,joint fire science program
charwood,asd,pervious,burn,char,measured,,,joint fire science program
cooney_charwood,asd,pervious,burn,char,measured,,,joint fire science program
light_charsoil,asd,pervious,burn,char,measured,,,joint fire science program
difubr,asd,pervious,burn,char,measured,,,joint fire science program
scorch_psme,asd,pervious,burn,char,measured,,,joint fire science program
MCON_Tower_CWD1_Canopy,specevo,pervious,npv,npv,measured,37.06699,-119.1955,hyspiri simulation spectra
MCON_Tower_CWD2_Canopy,specevo,pervious,npv,npv,measured,37.06695,-119.19554,hyspiri simulation spectra
SJER_Plot361_NPV_T015,asd,pervious,npv,npv,measured,37.084376,-119.733826,hyspiri simulation spectra
kellbark,asd,pervious,npv,bark,measured,,,joint fire science program
crosscut,asd,pervious,npv,wood,measured,,,joint fire science program
bleachwd,asd,pervious,npv,wood,measured,,,joint fire science program
yewdead,asd,pervious,npv,wood,measured,,,joint fire science program
deadcott,asd,pervious,npv,litter,measured,,,joint fire science program
deadbark,asd,pervious,npv,bark,measured,,,joint fire science program
deadfern,asd,pervious,npv,litter,measured,,,joint fire science program
stmpwood,asd,pervious,npv,wood,measured,,,joint fire science program
deadlodg,asd,pervious,npv,litter,measured,,,joint fire science program
innrbark,asd,pervious,npv,bark,measured,,,joint fire science program
needbrow,asd,pervious,npv,litter,measured,,,joint fire science program
dedbirch,asd,pervious,npv,bark,measured,,,joint fire science program
deadwood,asd,pervious,npv,wood,measured,,,joint fire science program
dedaspen,asd,pervious,npv,bark,measured,,,joint fire science program
difubr,asd,pervious,npv,litter,measured,,,joint fire science program
ndbnof.004-,asd,pervious,npv,bark,measured,34.44,-119.8927,urban reflectance spectra from santa barbara
ndbnye.003-,asd,pervious,npv,bark,measured,34.4357,-119.8801,urban reflectance spectra from santa barbara
ndbnyg.002-,asd,pervious,npv,bark,measured,34.44,-119.8927,urban reflectance spectra from santa barbara
ndbnof.001-,asd,pervious,npv,bark,measured,34.44,-119.8927,urban reflectance spectra from santa barbara
ndbnyg.003-,asd,pervious,npv,bark,measured,34.44,-119.8927,urban reflectance spectra from santa barbara
ndbnye.012-,asd,pervious,npv,bark,measured,34.4399,-119.8927,urban reflectance spectra from santa barbara
ndbnye.005-,asd,pervious,npv,bark,measured,34.4399,-119.8927,urban reflectance spectra from santa barbara
ndbnye.008-,asd,pervious,npv,bark,measured,34.4399,-119.8927,urban reflectance spectra from santa barbara
ndbnmm.001-,asd,pervious,npv,bark,measured,34.4483,-119.8191,urban reflectance spectra from santa barbara
ndbnye.013-,asd,pervious,npv,bark,measured,34.4399,-119.8927,urban reflectance spectra from santa barbara
ndbnmm.004-,asd,pervious,npv,bark,measured,34.4483,-119.8191,urban reflectance spectra from santa barbara
ndwnyg.001-,asd,pervious,npv,wood,measured,34.4483,-119.8191,urban reflectance spectra from santa barbara
ndwnmf.006-,asd,pervious,npv,wood,measured,34.4574,-119.823,urban reflectance spectra from santa barbara
ndwnmf.003-,asd,pervious,npv,wood,measured,34.4574,-119.823,urban reflectance spectra from santa barbara
ndwnmm.001-,asd,pervious,npv,wood,measured,34.4358,-119.8804,urban reflectance spectra from santa barbara
D.spicata,asd,pervious,npv,litter,measured,,,usgs
Grass_dry.8+.2green,asd,pervious,npv,litter,measured,,,usgs
Grass_dry.9+.1green,asd,pervious,npv,litter,measured,,,usgs
Marsh,asd,pervious,npv,litter,measured,,,usgs
Marsh,asd,pervious,npv,litter,measured,,,usgs
P.aus.,asd,pervious,npv,litter,measured,,,usgs
P.australis,asd,pervious,npv,litter,measured,,,usgs
Sagebrush,asd,pervious,npv,litter,measured,,,usgs
Willow,asd,pervious,npv,litter,measured,,,usgs
frrkof.003-,asd,impervious,urban,asphalt,measured,34.4127,-119.7317,urban reflectance spectra from santa barbara
frrkof.007-,asd,impervious,urban,asphalt,measured,34.4127,-119.7317,urban reflectance spectra from santa barbara
frrkof.006-,asd,impervious,urban,asphalt,measured,34.4127,-119.7317,urban reflectance spectra from santa barbara
fggeof.004-,asd,impervious,urban,asphalt,measured,34.4183,-119.8721,urban reflectance spectra from santa barbara
fscnmm.004-,asd,impervious,urban,comp_shingle,measured,34.4358,-119.8804,urban reflectance spectra from santa barbara
fscnof.008-,asd,impervious,urban,comp_shingle,measured,34.4358,-119.8804,urban reflectance spectra from santa barbara
fscnof.001-,asd,impervious,urban,comp_shingle,measured,34.4358,-119.8804,urban reflectance spectra from santa barbara
fscnof.006-,asd,impervious,urban,comp_shingle,measured,34.4358,-119.8804,urban reflectance spectra from santa barbara
fscrmg.013-,asd,impervious,urban,comp_shingle,measured,34.4332,-119.7809,urban reflectance spectra from santa barbara
fscrmg.006-,asd,impervious,urban,comp_shingle,measured,34.4118,-119.8709,urban reflectance spectra from santa barbara
fscgye.022-,asd,impervious,urban,comp_shingle,measured,34.4309,-119.6795,urban reflectance spectra from santa barbara
fttrmg.007-,asd,impervious,urban,comp_shingle,measured,34.4118,-119.8709,urban reflectance spectra from santa barbara
fscemm.010-,asd,impervious,urban,comp_shingle,measured,34.4003,-119.7311,urban reflectance spectra from santa barbara
fscgye.028-,asd,impervious,urban,comp_shingle,measured,34.4309,-119.6795,urban reflectance spectra from santa barbara
fsceye.026-,asd,impervious,urban,comp_shingle,measured,34.4283,-119.8707,urban reflectance spectra from santa barbara
fsfnye.003-,asd,impervious,urban,concrete_tile,measured,34.43,-119.7633,urban reflectance spectra from santa barbara
modrmg.004-,asd,impervious,urban,driveway,measured,34.4357,119.8801,urban reflectance spectra from santa barbara
spcsye.006-,asd,impervious,urban,driveway,measured,34.4399,-119.8927,urban reflectance spectra from santa barbara
spcsye.005-,asd,impervious,urban,driveway,measured,34.4399,-119.8927,urban reflectance spectra from santa barbara
folwmm.002-,asd,impervious,urban,glass,measured,34.43,-119.7633,urban reflectance spectra from santa barbara
folwmm.001-,asd,impervious,urban,glass,measured,34.43,-119.7633,urban reflectance spectra from santa barbara
fggeof.001-,asd,impervious,urban,gravel,measured,34.4183,119.8721,urban reflectance spectra from santa barbara
fggrom.004-,asd,impervious,urban,gravel,measured,34.4156,-119.8453,urban reflectance spectra from santa barbara
fggemg.006-,asd,impervious,urban,gravel,measured,34.4003,-119.7311,urban reflectance spectra from santa barbara
fggemg.003-,asd,impervious,urban,gravel,measured,34.4003,-119.7311,urban reflectance spectra from santa barbara
mozmom.001-,asd,impervious,urban,manhole,measured,34.446,-119.8319,urban reflectance spectra from santa barbara
mozmom.003-,asd,impervious,urban,manhole,measured,34.446,-119.8319,urban reflectance spectra from santa barbara
foznof.001-,asd,impervious,urban,metal,measured,34.4003,-119.7311,urban reflectance spectra from santa barbara
fozkyg.002-,asd,impervious,urban,metal,measured,34.4003,-119.7311,urban reflectance spectra from santa barbara
foznof.002-,asd,impervious,urban,metal,measured,34.4003,-119.7311,urban reflectance spectra from santa barbara
fhzgmg.007-,asd,impervious,urban,metal,measured,34.4574,-119.823,urban reflectance spectra from santa barbara
fhzgmg.008-,asd,impervious,urban,metal,measured,34.4574,-119.823,urban reflectance spectra from santa barbara
mobrmg.008-,asd,impervious,urban,other,measured,34.4358,-119.8804,urban reflectance spectra from santa barbara
mobrmg.003-,asd,impervious,urban,other,measured,34.4358,-119.8804,urban reflectance spectra from santa barbara
mobrmg.005-,asd,impervious,urban,other,measured,34.4358,-119.8804,urban reflectance spectra from santa barbara
mobrmg.007-,asd,impervious,urban,other,measured,34.4358,-119.8804,urban reflectance spectra from santa barbara
mobrmg.004-,asd,impervious,urban,other,measured,34.4358,-119.8804,urban reflectance spectra from santa barbara
mobrmg.001-,asd,impervious,urban,other,measured,34.4358,-119.8804,urban reflectance spectra from santa barbara
tpabmg.003-,asd,impervious,urban,paint,measured,34.4417,-119.8306,urban reflectance spectra from santa barbara
ctcnmm.005-,asd,impervious,urban,paint,measured,34.4168,-119.8506,urban reflectance spectra from santa barbara
ctcgmm.016-,asd,impervious,urban,paint,measured,34.4168,-119.8506,urban reflectance spectra from santa barbara
ctcgmm.001-,asd,impervious,urban,paint,measured,34.4483,-119.8191,urban reflectance spectra from santa barbara
fhznmg.002-,asd,impervious,urban,paint,measured,34.4358,-119.8804,urban reflectance spectra from santa barbara
trawmm.006-,asd,impervious,urban,paint,measured,34.4417,-119.8306,urban reflectance spectra from santa barbara
trayye.004-,asd,impervious,urban,paint,measured,34.4357,119.8801,urban reflectance spectra from santa barbara
trayye.003-,asd,impervious,urban,paint,measured,34.44,119.8927,urban reflectance spectra from santa barbara
tccryg.001-,asd,impervious,urban,paint,measured,34.4401,-119.8327,urban reflectance spectra from santa barbara
traymg.003-,asd,impervious,urban,paint,measured,34.4408,-119.8745,urban reflectance spectra from santa barbara
traymg.001-,asd,impervious,urban,paint,measured,34.4408,-119.8745,urban reflectance spectra from santa barbara
tccrye.001-,asd,impervious,urban,paint,measured,34.4373,-119.6926,urban reflectance spectra from santa barbara
trawyf.002-,asd,impervious,urban,paint,measured,34.4408,-119.8745,urban reflectance spectra from santa barbara
pprwmg.003-,asd,impervious,urban,paint,measured,34.4419,-119.8315,urban reflectance spectra from santa barbara
trawmm.003-,asd,impervious,urban,paint,measured,34.4417,-119.8306,urban reflectance spectra from santa barbara
fhznmg.003-,asd,impervious,urban,paint,measured,34.4358,-119.8804,urban reflectance spectra from santa barbara
trawyg.003-,asd,impervious,urban,paint,measured,34.4408,-119.8745,urban reflectance spectra from santa barbara
pprwmg.002-,asd,impervious,urban,paint,measured,34.4419,-119.8315,urban reflectance spectra from santa barbara
trawyg.002-,asd,impervious,urban,paint,measured,34.4408,-119.8745,urban reflectance spectra from santa barbara
pprwmg.001-,asd,impervious,urban,paint,measured,34.4419,-119.8315,urban reflectance spectra from santa barbara
rpaeye.006-,asd,impervious,urban,road,measured,34.4408,-119.8745,urban reflectance spectra from santa barbara
rpaeom.003-,asd,impervious,urban,road,measured,34.44,-119.8927,urban reflectance spectra from santa barbara
rpcsye.004-,asd,impervious,urban,road,measured,34.4373,-119.6926,urban reflectance spectra from santa barbara
trawmm.001-,asd,impervious,urban,paint,measured,34.4417,-119.8306,urban reflectance spectra from santa barbara
spmrye.005-,asd,impervious,urban,sidewalk,measured,34.4168,-119.8506,urban reflectance spectra from santa barbara
spcsmg.009-,asd,impervious,urban,sidewalk,measured,34.446,-119.8319,urban reflectance spectra from santa barbara
subrmg.010-,asd,impervious,urban,sidewalk,measured,34.4399,-119.8927,urban reflectance spectra from santa barbara
spcsmg.005-,asd,impervious,urban,sidewalk,measured,34.446,-119.8319,urban reflectance spectra from santa barbara
spcsmg.002-,asd,impervious,urban,sidewalk,measured,34.446,-119.8319,urban reflectance spectra from santa barbara
spcemg.011-,asd,impervious,urban,sidewalk,measured,34.4417,-119.8306,urban reflectance spectra from santa barbara
spcsyg.001-,asd,impervious,urban,sidewalk,measured,34.44,-119.8927,urban reflectance spectra from santa barbara
spcsye.002-,asd,impervious,urban,sidewalk,measured,34.446,-119.8319,urban reflectance spectra from santa barbara
spcsmg.010-,asd,impervious,urban,sidewalk,measured,34.446,-119.8319,urban reflectance spectra from santa barbara
spceye.002-,asd,impervious,urban,sidewalk,measured,34.4357,-119.8801,urban reflectance spectra from santa barbara
fttrme.007-,asd,impervious,urban,tile,measured,34.4373,-119.6926,urban reflectance spectra from santa barbara
fttrme.005-,asd,impervious,urban,tile,measured,34.4373,-119.6926,urban reflectance spectra from santa barbara
fsfnof.012-,asd,impervious,urban,wood_shingle,measured,34.43,-119.7633,urban reflectance spectra from santa barbara
fsfnof.003-,asd,impervious,urban,wood_shingle,measured,34.43,-119.7633,urban reflectance spectra from santa barbara
fsfnof.007-,asd,impervious,urban,wood_shingle,measured,34.43,-119.7633,urban reflectance spectra from santa barbara
fsfnof.001-,asd,impervious,urban,wood_shingle,measured,34.43,-119.7633,urban reflectance spectra from santa barbara
fswnog.009-,asd,impervious,urban,wood_shingle,measured,34.4399,-119.8927,urban reflectance spectra from santa barbara
fswnog.008-,asd,impervious,urban,wood_shingle,measured,34.4399,-119.8927,urban reflectance spectra from santa barbara
fswnof.004-,asd,impervious,urban,wood_shingle,measured,34.43,-119.7633,urban reflectance spectra from santa barbara
fswnof.001-,asd,impervious,urban,wood_shingle,measured,34.43,-119.7633,urban reflectance spectra from santa barbara
v-LAI-3.9-LMA-0.011-CHL-11.5-N-2.0,prosail,pervious,vegetation,canopy,simulated,,,modeled canopy reflectance
v-LAI-4.9-LMA-0.008-CHL-17.6-N-2.1,prosail,pervious,vegetation,canopy,simulated,,,modeled canopy reflectance
v-LAI-6.7-LMA-0.008-CHL-47.8-N-2.1,prosail,pervious,vegetation,canopy,simulated,,,modeled canopy reflectance
v-LAI-4.0-LMA-0.005-CHL-28.6-N-2.0,prosail,pervious,vegetation,canopy,simulated,,,modeled canopy reflectance
v-LAI-4.5-LMA-0.010-CHL-13.0-N-1.5,prosail,pervious,vegetation,canopy,simulated,,,modeled canopy reflectance
v-LAI-2.7-LMA-0.007-CHL-10.3-N-1.8,prosail,pervious,vegetation,canopy,simulated,,,modeled canopy reflectance
v-LAI-5.0-LMA-0.010-CHL-41.3-N-2.1,prosail,pervious,vegetation,canopy,simulated,,,modeled canopy reflectance
v-LAI-1.4-LMA-0.007-CHL-25.5-N-1.9,prosail,pervious,vegetation,canopy,simulated,,,modeled canopy reflectance
v-LAI-3.4-LMA-0.015-CHL-45.7-N-1.5,prosail,pervious,vegetation,canopy,simulated,,,modeled canopy reflectance
v-LAI-8.8-LMA-0.015-CHL-19.7-N-2.0,prosail,pervious,vegetation,canopy,simulated,,,modeled canopy reflectance
v-LAI-1.9-LMA-0.006-CHL-39.1-N-2.3,prosail,pervious,vegetation,canopy,simulated,,,modeled canopy reflectance
v-LAI-8.7-LMA-0.008-CHL-45.3-N-1.3,prosail,pervious,vegetation,canopy,simulated,,,modeled canopy reflectance
v-LAI-0.75-LMA-0.011-CHL-19.1-N-1.8,prosail,pervious,vegetation,canopy,simulated,,,modeled canopy reflectance
v-LAI-0.9-LMA-0.014-CHL-31.4-N-2.2,prosail,pervious,vegetation,canopy,simulated,,,modeled canopy reflectance
v-LAI-4.5-LMA-0.007-CHL-23.0-N-1.9,prosail,pervious,vegetation,canopy,simulated,,,modeled canopy reflectance
v-LAI-6.2-LMA-0.010-CHL-17.0-N-2.1,prosail,pervious,vegetation,canopy,simulated,,,modeled canopy reflectance
v-LAI-5.8-LMA-0.007-CHL-55.2-N-2.3,prosail,pervious,vegetation,canopy,simulated,,,modeled canopy reflectance
v-LAI-3.5-LMA-0.005-CHL-14.0-N-2.3,prosail,pervious,vegetation,canopy,simulated,,,modeled canopy reflectance
v-LAI-7.5-LMA-0.006-CHL-37.8-N-2.0,prosail,pervious,vegetation,canopy,simulated,,,modeled canopy reflectance
v-LAI-0.91-LMA-0.009-CHL-32.1-N-1.4,prosail,pervious,vegetation,canopy,simulated,,,modeled canopy reflectance
v-LAI-3.2-LMA-0.013-CHL-17.2-N-1.9,prosail,pervious,vegetation,canopy,simulated,,,modeled canopy reflectance
v-LAI-1.6-LMA-0.017-CHL-58.9-N-2.2,prosail,pervious,vegetation,canopy,simulated,,,modeled canopy reflectance
v-LAI-6.8-LMA-0.010-CHL-11.0-N-2.5,prosail,pervious,vegetation,canopy,simulated,,,modeled canopy reflectance
v-LAI-8.0-LMA-0.009-CHL-56.1-N-1.9,prosail,pervious,vegetation,canopy,simulated,,,modeled canopy reflectance
v-LAI-7.1-LMA-0.005-CHL-10.4-N-2.3,prosail,pervious,vegetation,canopy,simulated,,,modeled canopy reflectance
v-LAI-6.8-LMA-0.007-CHL-34.1-N-2.0,prosail,pervious,vegetation,canopy,simulated,,,modeled canopy reflectance
v-LAI-5.9-LMA-0.021-CHL-10.1-N-1.6,prosail,pervious,vegetation,canopy,simulated,,,modeled canopy reflectance
v-LAI-1.8-LMA-0.016-CHL-30.2-N-2.4,prosail,pervious,vegetation,canopy,simulated,,,modeled canopy reflectance
v-LAI-3.2-LMA-0.014-CHL-23.2-N-2.2,prosail,pervious,vegetation,canopy,simulated,,,modeled canopy reflectance
v-LAI-6.8-LMA-0.007-CHL-44.9-N-1.6,prosail,pervious,vegetation,canopy,simulated,,,modeled canopy reflectance
v-LAI-6.6-LMA-0.010-CHL-34.3-N-2.2,prosail,pervious,vegetation,canopy,simulated,,,modeled canopy reflectance
v-LAI-5.2-LMA-0.007-CHL-11.7-N-2.2,prosail,pervious,vegetation,canopy,simulated,,,modeled canopy reflectance
v-LAI-2.9-LMA-0.010-CHL-28.0-N-2.2,prosail,pervious,vegetation,canopy,simulated,,,modeled canopy reflectance
v-LAI-2.1-LMA-0.019-CHL-27.8-N-2.3,prosail,pervious,vegetation,canopy,simulated,,,modeled canopy reflectance
v-LAI-0.89-LMA-0.007-CHL-41.0-N-2.4,prosail,pervious,vegetation,canopy,simulated,,,modeled canopy reflectance
v-LAI-4.1-LMA-0.017-CHL-10.2-N-1.9,prosail,pervious,vegetation,canopy,simulated,,,modeled canopy reflectance
v-LAI-0.88-LMA-0.018-CHL-32.6-N-2.1,prosail,pervious,vegetation,canopy,simulated,,,modeled canopy reflectance
v-LAI-8.5-LMA-0.008-CHL-28.1-N-1.9,prosail,pervious,vegetation,canopy,simulated,,,modeled canopy reflectance
v-LAI-1.3-LMA-0.018-CHL-29.6-N-1.7,prosail,pervious,vegetation,canopy,simulated,,,modeled canopy reflectance
v-LAI-1.4-LMA-0.005-CHL-38.4-N-2.4,prosail,pervious,vegetation,canopy,simulated,,,modeled canopy reflectance
v-LAI-1.3-LMA-0.012-CHL-55.7-N-2.1,prosail,pervious,vegetation,canopy,simulated,,,modeled canopy reflectance
v-LAI-2.4-LMA-0.011-CHL-38.8-N-2.1,prosail,pervious,vegetation,canopy,simulated,,,modeled canopy reflectance
v-LAI-1.5-LMA-0.012-CHL-12.8-N-2.4,prosail,pervious,vegetation,canopy,simulated,,,modeled canopy reflectance
v-LAI-1e+01-LMA-0.008-CHL-26.6-N-2.3,prosail,pervious,vegetation,canopy,simulated,,,modeled canopy reflectance
v-LAI-6.8-LMA-0.013-CHL-50.4-N-2.3,prosail,pervious,vegetation,canopy,simulated,,,modeled canopy reflectance
v-LAI-4.6-LMA-0.009-CHL-12.0-N-2.4,prosail,pervious,vegetation,canopy,simulated,,,modeled canopy reflectance
v-LAI-2.1-LMA-0.006-CHL-25.5-N-2.0,prosail,pervious,vegetation,canopy,simulated,,,modeled canopy reflectance
v-LAI-1.0-LMA-0.012-CHL-17.6-N-2.2,prosail,pervious,vegetation,canopy,simulated,,,modeled canopy reflectance
v-LAI-5.8-LMA-0.008-CHL-15.1-N-1.8,prosail,pervious,vegetation,canopy,simulated,,,modeled canopy reflectance
v-LAI-3.8-LMA-0.013-CHL-12.6-N-2.4,prosail,pervious,vegetation,canopy,simulated,,,modeled canopy reflectance
v-LAI-0.72-LMA-0.008-CHL-51.3-N-1.5,prosail,pervious,vegetation,canopy,simulated,,,modeled canopy reflectance
v-LAI-3.4-LMA-0.014-CHL-17.9-N-2.0,prosail,pervious,vegetation,canopy,simulated,,,modeled canopy reflectance
v-LAI-6.7-LMA-0.006-CHL-58.8-N-2.2,prosail,pervious,vegetation,canopy,simulated,,,modeled canopy reflectance
v-LAI-3.9-LMA-0.006-CHL-44.2-N-2.4,prosail,pervious,vegetation,canopy,simulated,,,modeled canopy reflectance
v-LAI-6.2-LMA-0.011-CHL-38.2-N-2.1,prosail,pervious,vegetation,canopy,simulated,,,modeled canopy reflectance
v-LAI-3.7-LMA-0.013-CHL-16.7-N-2.1,prosail,pervious,vegetation,canopy,simulated,,,modeled canopy reflectance
v-LAI-5.0-LMA-0.006-CHL-20.9-N-2.1,prosail,pervious,vegetation,canopy,simulated,,,modeled canopy reflectance
v-LAI-8.6-LMA-0.012-CHL-59.4-N-1.9,prosail,pervious,vegetation,canopy,simulated,,,modeled canopy reflectance
v-LAI-2.8-LMA-0.009-CHL-52.3-N-2.2,prosail,pervious,vegetation,canopy,simulated,,,modeled canopy reflectance
v-LAI-1.7-LMA-0.015-CHL-13.7-N-2.4,prosail,pervious,vegetation,canopy,simulated,,,modeled canopy reflectance
v-LAI-1.4-LMA-0.006-CHL-41.2-N-2.2,prosail,pervious,vegetation,canopy,simulated,,,modeled canopy reflectance
v-LAI-6.4-LMA-0.013-CHL-11.9-N-2.0,prosail,pervious,vegetation,canopy,simulated,,,modeled canopy reflectance
v-LAI-6.7-LMA-0.005-CHL-27.6-N-2.3,prosail,pervious,vegetation,canopy,simulated,,,modeled canopy reflectance
v-LAI-1.1-LMA-0.014-CHL-40.3-N-2.4,prosail,pervious,vegetation,canopy,simulated,,,modeled canopy reflectance
v-LAI-0.87-LMA-0.013-CHL-30.8-N-1.7,prosail,pervious,vegetation,canopy,simulated,,,modeled canopy reflectance
v-LAI-4.3-LMA-0.009-CHL-11.8-N-2.4,prosail,pervious,vegetation,canopy,simulated,,,modeled canopy reflectance
v-LAI-2.0-LMA-0.005-CHL-11.2-N-1.6,prosail,pervious,vegetation,canopy,simulated,,,modeled canopy reflectance
v-LAI-5.9-LMA-0.008-CHL-26.3-N-2.3,prosail,pervious,vegetation,canopy,simulated,,,modeled canopy reflectance
v-LAI-3.7-LMA-0.005-CHL-43.1-N-1.7,prosail,pervious,vegetation,canopy,simulated,,,modeled canopy reflectance
